{"cameraMode":{"drawMode":0,"name":"Shaded","section":"Shading Mode"},"sceneLighting":false,"audioPlay":false,"sceneViewState":{"showFog":true,"showMaterialUpdate":false,"showSkybox":true,"showFlares":true,"showImageEffects":true,"showParticleSystems":true},"in2DMode":false,"pivot":{"x":5.00001335144043,"y":0.5999999046325684,"z":5.000012397766113},"rotation":{"x":-0.02705765888094902,"y":0.6978622674942017,"z":-0.02639675699174404,"w":-0.7152454853057861},"size":13.029996871948243,"orthographic":false}